{
 "BRAINSTools/LowerHalfHundreds.png": {
  "md5sum": "66a7da0e12779dd123637fe6bcd0abfe"
 }, 
 "BRAINSTools/BRAINSFitTest_RigidRotGeomNoMasks.result.nii.gz": {
  "md5sum": "c0059f4e117bf4c4f2915739725ebcc7"
 }, 
 "BRAINSTools/scan2T1.nii.gz": {
  "md5sum": "94fe1a0ce1425f271ee9a09646f5a968"
 }, 
 "BRAINSTools/AllFifties.png": {
  "md5sum": "44ae2066d84208c2b3249ac0a4ccd867"
 }, 
 "BRAINSTools/fastSymmetricForcesDemons.nii.gz": {
  "md5sum": "c886ba6fd7d598f1511cb4d4cb55c685"
 }, 
 "BRAINSTools/0036195_left_sphere.vtk": {
  "md5sum": "42787491c2d623d15aa156a5c90ef638"
 }, 
 "BRAINSTools/BCDTest_rpc_standard.nii.gz": {
  "md5sum": "91da99260400a50f57a4fe17e293522a"
 }, 
 "BRAINSTools/T1-2ndVersion.mdl": {
  "md5sum": "b59f29a0530fe7160006250d00a1f3c1"
 }, 
 "BRAINSTools/0036896_to_0036195_hmIC4.vtk": {
  "md5sum": "870349f7a387727adc5157e2beb7ecef"
 }, 
 "BRAINSTools/BRAINSABCSmall_atlas_to_subject_transform.h5": {
  "md5sum": "825d365b62df7271c1cbb980ad35fafb"
 }, 
 "BRAINSTools/fixedImage.nii.gz": {
  "md5sum": "b0019ea75d0715ab63da94084531c8fa"
 }, 
 "BRAINSTools/chk_BCDTest_ForceVN4Point_standard.fcsv": {
  "md5sum": "977eabd4daa093356f89945b5d9bf3ef"
 }, 
 "BRAINSTools/TwoHundred.hdr": {
  "md5sum": "e5441d02fb834a3bcade4ccdea7a6020"
 }, 
 "BRAINSTools/BRAINSCutputamen_left_scan3_baseline.nii.gz": {
  "md5sum": "3786d1f03d2e06b548d5ad5323593188"
 }, 
 "BRAINSTools/BRAINSFitTest_RigidRotationNoMasksRiginInPlaceInterp.result.nii.gz": {
  "md5sum": "f3a41dd5aba12680c77b597d5f342a35"
 }, 
 "BRAINSTools/AllTwos.img": {
  "md5sum": "e281a9a08c38684f78236087624297a0"
 }, 
 "BRAINSTools/labels.nii.gz": {
  "md5sum": "cc3f238174209038d79a076ac463b555"
 }, 
 "BRAINSTools/0036195_left_49Labels.vtk": {
  "md5sum": "61992bee7e40f6d67c1d448a88d77fee"
 }, 
 "BRAINSTools/TrainingCase2.fcsv": {
  "md5sum": "c703d0a382a0145a4456c218027a0fdc"
 }, 
 "BRAINSTools/BRAINSFitTest_RigidAnisotropicMasks.result.nii.gz": {
  "md5sum": "f49bb45a6d6352cc0bdfd13a878d91b3"
 }, 
 "BRAINSTools/Initializer_BRAINSFitTest_BSplineOnlyRescaleHeadMasks.mat": {
  "md5sum": "9399d12b66ff0d6b4ad53fb84132e606"
 }, 
 "BRAINSTools/BCDTest_rescaleIntensityRange_standard.nii.gz": {
  "md5sum": "82e059634f77cdb44d73a45fdcf28040"
 }, 
 "BRAINSTools/Hundred.hdr": {
  "md5sum": "e5441d02fb834a3bcade4ccdea7a6020"
 }, 
 "BRAINSTools/scale.test_mask.nii.gz": {
  "md5sum": "5c57ed69a6dfbab1875ec00879aa6fe2"
 }, 
 "BRAINSTools/BRAINSFitTest_AffineTranslationMasks.result.nii.gz": {
  "md5sum": "50070308caef3b2cac1a415d655673c9"
 }, 
 "BRAINSTools/SmoothedScalar_IC4.vtk": {
  "md5sum": "b36d6008a3a4e3fb1f267884ced72863"
 }, 
 "BRAINSTools/AllTwos.hdr": {
  "md5sum": "a92aaf3accb2b02d5c292c78ecec99e7"
 }, 
 "BRAINSTools/0036195_left_5000_smoothed.vtk": {
  "md5sum": "33f1f5347035234cf226b43757e35e9b"
 }, 
 "BRAINSTools/ValidateOrientedImagesTest5.nii.gz": {
  "md5sum": "3405776ef2078d4bdf0a03b0272cfce3"
 }, 
 "BRAINSTools/BRAINSROIAutoTest_GenerateBrainMask.result.nii.gz": {
  "md5sum": "f1e5be97957437e251f0d9a72f7e9606"
 }, 
 "BRAINSTools/ANON0006_20_T1_dbg_splayed.nii.gz": {
  "md5sum": "c34916939b720607bb5e288c14cf8b65"
 }, 
 "BRAINSTools/BRAINSFitTest_MIHAffineRotationMasks.result.nii.gz": {
  "md5sum": "446df643db0a52703e1c2ad44f3eb6f1"
 }, 
 "BRAINSTools/SUBJ_A_small_brain_cut_mask.nii.gz": {
  "md5sum": "d18cd09839eeaddc6bd3ee706d008a03"
 }, 
 "BRAINSTools/chk_BCDTest_ForceACPoint_standard.fcsv": {
  "md5sum": "4e3635588a62ad66f153cedb3808726f"
 }, 
 "BRAINSTools/ValidateBRAINSResampleTest7.result.nii.gz": {
  "md5sum": "735e2e933edbbbff351016342b60e3fa"
 }, 
 "BRAINSTools/AllZeroes.png": {
  "md5sum": "3bb5878ee6a44551096c9b4d37cb0de8"
 }, 
 "BRAINSTools/diffeomorphicDemons4.nii.gz": {
  "md5sum": "f897f6e6bee39eb3303682a85f5b62d5"
 }, 
 "BRAINSTools/AllFiveHundreds.png": {
  "md5sum": "097fce1d06534d5bbb0cb3bf0560fcee"
 }, 
 "BRAINSTools/0036195_left_sphereIC4.vtk": {
  "md5sum": "8897a5d769ddbe5e477fd7ad44b2e4d5"
 }, 
 "BRAINSTools/ValidateVectorOrientedImagesTest7.nii.gz": {
  "md5sum": "93f48c929468bb444f65e65f86a20be6"
 }, 
 "BRAINSTools/Initializer_0.05_BRAINSFitTest_AffineRotationNoMasks.mat": {
  "md5sum": "2e14eb9e9ffa361873d91a944874e1e3"
 }, 
 "BRAINSTools/BRAINSFitTest_MSEAffineRotationMasks.result.nii.gz": {
  "md5sum": "23e9bbbd6ca1302fd46b6c4b7fc65508"
 }, 
 "BRAINSTools/BRAINSFitTest_ScaleVersorRotationNoMasks.result.nii.gz": {
  "md5sum": "59fa00f595dfb3b6839516c0e2346b1f"
 }, 
 "BRAINSTools/BRAINSFitTest_ScaleTranslationRescaleHeadMasksNoInit.result.nii.gz": {
  "md5sum": "ebd7f70866d95250fc21ed12ffaca20e"
 }, 
 "BRAINSTools/BRAINSFitTest_ScaleSkewVersorScaleMasks.result.nii.gz": {
  "md5sum": "7bc9c4224459bf9da4c9e7eaa437fbe2"
 }, 
 "BRAINSTools/0036195_leftSurfaceFeatures.vtk": {
  "md5sum": "698ddb94f0ed1642205b03a5dceb719a"
 }, 
 "BRAINSTools/AverageHullOn0036195.vtk": {
  "md5sum": "bb4574dede8c80c4fcb5dc47c1c6287c"
 }, 
 "BRAINSTools/BCDTest_inputLandmarksEMSP_standard.nii.gz": {
  "md5sum": "51890b72bcd45aaa2e829bc162d82d53"
 }, 
 "BRAINSTools/BRAINSFitTest_BSplineScaleRotationHistogramHeadMasksUShort.result.nii.gz": {
  "md5sum": "dcd9a77dcdcfb83bcddf5158be151f3a"
 }, 
 "BRAINSTools/Removed21And37From49Labels.vtk": {
  "md5sum": "ea4b60e4779a591d5dc501e84a53d633"
 }, 
 "BRAINSTools/optdigits.train": {
  "md5sum": "268ce7771f3f15afbc54402478b1d454"
 }, 
 "BRAINSTools/BRAINSFitTest_AffineScaleMasks.result.nii.gz": {
  "md5sum": "dc6fd41d2c14bf9fdd6e1e495163652c"
 }, 
 "BRAINSTools/BRAINSFitTest_KSAffineRotationMasks.result.nii.gz": {
  "md5sum": "446df643db0a52703e1c2ad44f3eb6f1"
 }, 
 "BRAINSTools/BRAINSEyeDetectorTest_T1_standard.nii.gz": {
  "md5sum": "a2712d8ce3b76ff1782133571b45914f"
 }, 
 "BRAINSTools/SurfaceLabelCleanUp.vtk": {
  "md5sum": "7f9043fdcd9ad72acdfc978ba418e71a"
 }, 
 "BRAINSTools/scan2T2.nii.gz": {
  "md5sum": "fee54fef474db65b1174ab69ee59d12c"
 }, 
 "BRAINSTools/chk_insertMidACPCpointTest_standard.fcsv": {
  "md5sum": "ad8ff422e7fd6cd30ff662612946db35"
 }, 
 "BRAINSTools/BRAINSFitTest_ScaleSkewVersorRotationMasks.result.nii.gz": {
  "md5sum": "af766ac05920064c7b74fbdfe833c746"
 }, 
 "BRAINSTools/BRAINSFitTest_MIHScaleSkewVersorRotationMasks.result.nii.gz": {
  "md5sum": "5f3adabecbc2887c02bc46f82ab33b0f"
 }, 
 "BRAINSTools/diffeomorphicDemons5.nii.gz": {
  "md5sum": "64561eee86d93926cb28d9214b47e4e3"
 }, 
 "BRAINSTools/0036195_leftTalLabels.vtk": {
  "md5sum": "35a3e174a7d44d4223c611cb99468d29"
 }, 
 "BRAINSTools/optdigits.test": {
  "md5sum": "a0339c30a8a5312a1b6f9e5c719dcce5"
 }, 
 "BRAINSTools/SUBJ_B_small_T2.nii.gz": {
  "md5sum": "7df2380d448efe76642f1bfa455b11c3"
 }, 
 "BRAINSTools/BCDTest_rmpj_standard.nii.gz": {
  "md5sum": "5600f6feb9cbbdcbd2b86e743de568f3"
 }, 
 "BRAINSTools/BRAINSFitTest_ScaleTranslationRescaleHeadMasksInit.result.nii.gz": {
  "md5sum": "604e9a3c865b00596946ebf86174b7cb"
 }, 
 "BRAINSTools/BRAINSFitTest_AffineTranslationNoMasks.result.nii.gz": {
  "md5sum": "723874386daa4e702ed360d796aa29c2"
 }, 
 "BRAINSTools/BRAINSFitTest_NCAffineRotationMasks.result.nii.gz": {
  "md5sum": "a4426cc9db142a88029d9cf3dc386c76"
 }, 
 "BRAINSTools/BRAINSFitTest_RigidMedianRotationNoMasks.result.nii.gz": {
  "md5sum": "b68f31293a6cbc7dc71060ce0a003769"
 }, 
 "BRAINSTools/image2.nii.gz": {
  "md5sum": "e31a4bd0c3276f6484f52c2e62592dd1"
 }, 
 "BRAINSTools/BCDTest_trimRescaledIntensities_standard.nii.gz": {
  "md5sum": "82e059634f77cdb44d73a45fdcf28040"
 }, 
 "BRAINSTools/BCDTest_T1_outputResampledVolume_standard.nii.gz": {
  "md5sum": "82e059634f77cdb44d73a45fdcf28040"
 }, 
 "BRAINSTools/SimpleSurface1.vtk": {
  "md5sum": "0c83a2a586783fdcb38d6cf736b5fbc6"
 }, 
 "BRAINSTools/scan4Mask1.nii.gz": {
  "md5sum": "3042252b4d0d64678d5f770b9c102499"
 }, 
 "BRAINSTools/BRAINSFitTest_AffineScaleNoMasks.result.nii.gz": {
  "md5sum": "27f33bae9c00beee438fbb38daddb6b6"
 }, 
 "BRAINSTools/SUBJ_B_small_T1.nii.gz": {
  "md5sum": "54ce5cf10941f05de039a44db24bc72a"
 }, 
 "BRAINSTools/test_mask.nii.gz": {
  "md5sum": "5baf8e5fbcc414f3f4e84afd3de2f18a"
 }, 
 "BRAINSTools/ANON0006_20_T1_sag_twisted.nii.gz": {
  "md5sum": "dda9fde8ee4fa034a6a56f4cc22f2f55"
 }, 
 "BRAINSTools/Initializer_0.05_BRAINSFitTest_RigidRotationHeadMasks.mat": {
  "md5sum": "6a6838a0375dc17c6f2ee3dc214a68d1"
 }, 
 "BRAINSTools/BCDTest_rac_standard.nii.gz": {
  "md5sum": "3f7bcba4f2a9a3765b825ec61357b527"
 }, 
 "BRAINSTools/RearrangedLabels.vtk": {
  "md5sum": "6b2f0ae092a5dc0b7a94b1ffb608c4cc"
 }, 
 "BRAINSTools/Initializer_0.05_BRAINSFitTest_AffineScaleNoMasks.mat": {
  "md5sum": "5e61f913c54ebac17a33ec5a75eb42b6"
 }, 
 "BRAINSTools/BRAINSCutcaudate_right_scan3_baseline.nii.gz": {
  "md5sum": "23600405a0ff68be8a3bf9453535ff53"
 }, 
 "BRAINSTools/BRAINSCutcaudate_left_scan3_baseline.nii.gz": {
  "md5sum": "62f5814183a5341c0a30c51c80946e8f"
 }, 
 "BRAINSTools/TrainingCase1.fcsv": {
  "md5sum": "f8cd566bf8b673501b5d31fbfd92a1f9"
 }, 
 "BRAINSTools/0036195_AssignArray.vtk": {
  "md5sum": "5e25b83474e2504de8072f850c18dd20"
 }, 
 "BRAINSTools/BCDTest_rVN4_standard.nii.gz": {
  "md5sum": "82e059634f77cdb44d73a45fdcf28040"
 }, 
 "BRAINSTools/Initializer_BRAINSFitTest_BSplineAnteScaleRotationRescaleHeadMasks.mat": {
  "md5sum": "3d4028d98b69ac453792b4fcccb86689"
 }, 
 "BRAINSTools/chk_BCDTest_ForceRPPoint_standard.fcsv": {
  "md5sum": "50310134c437c0c3c0e89bf0c040764d"
 }, 
 "BRAINSTools/chk_a_BCDTestForLandmarkCompare_standard.fcsv": {
  "md5sum": "16fd054b3f0a0225aa06856b94727be6"
 }, 
 "BRAINSTools/ValidateInitialTransform_Test.nii.gz": {
  "md5sum": "d5430f16f9f14a17b4f8b123e457b592"
 }, 
 "BRAINSTools/BCDTest_mspLevel_standard.nii.gz": {
  "md5sum": "6fd4c0b1bf89199a251957bba05d6c52"
 }, 
 "BRAINSTools/CombineLabel0036195.vtk": {
  "md5sum": "8e8b1ce131e673336e834c96342e1989"
 }, 
 "BRAINSTools/applyWarp_BSpline.mat": {
  "md5sum": "7a5a51bded4c6fbc3b328ef63e3a13ed"
 }, 
 "BRAINSTools/SimpleSurface2_IC4.vtk": {
  "md5sum": "61e87705fad675b5e4d12d346e3b9826"
 }, 
 "BRAINSTools/BRAINSFitTest_RigidRotationHeadMasks.result.nii.gz": {
  "md5sum": "58647d592f5aeae06c952f67b0254dda"
 }, 
 "BRAINSTools/ProstatePreopMask.nrrd": {
  "md5sum": "c3b5c43d2ea4c03899cd53253aee988d"
 }, 
 "BRAINSTools/AllHundreds.png": {
  "md5sum": "854e21e1293862bd79462a7fd782b285"
 }, 
 "BRAINSTools/rotation.rescale.test.nii.gz": {
  "md5sum": "3705b9d451b1eb52eb7c15d4d5650dd3"
 }, 
 "BRAINSTools/SUBJ_A_small_T2_mask.nii.gz": {
  "md5sum": "788da0a23854abb66ceb6c594a25eb22"
 }, 
 "BRAINSTools/0036195_left_sphereIC5.vtk": {
  "md5sum": "574af27b73bcc76cb88a09107ada6add"
 }, 
 "BRAINSTools/scale.test.nii.gz": {
  "md5sum": "1fa2661a07130796300f23b66d7b5149"
 }, 
 "BRAINSTools/translation.test_mask.nii.gz": {
  "md5sum": "bf6514195fffb4c61cc1f1894b24f59e"
 }, 
 "BRAINSTools/BRAINSFitTest_ScaleSkewVersorScaleNoMasks.result.nii.gz": {
  "md5sum": "e599d6c1e694ccabd05df492a382b0dc"
 }, 
 "BRAINSTools/rho.nii.gz": {
  "md5sum": "c145ca0f1ab1449b1961fd9c11328615"
 }, 
 "BRAINSTools/SUBJ_B_small_brain_cut_mask.nii.gz": {
  "md5sum": "e8b8d2c2991b39870be47b3c462b5865"
 }, 
 "BRAINSTools/BRAINSFitTest_AffineRotationMasks.result.nii.gz": {
  "md5sum": "dca26a5245b6ecac44ec439bfc6acfa8"
 }, 
 "BRAINSTools/BRAINSFitTest_BSplineBSplineRescaleHeadMasks.result.nii.gz": {
  "md5sum": "29f824b1a56d3fad5ee59580cebeaad1"
 }, 
 "BRAINSTools/Initializer_0.05_BRAINSFitTest_ScaleSkewVersorRotationNoMasks.mat": {
  "md5sum": "875b7adb24f8958648a4b6ec495dcf00"
 }, 
 "BRAINSTools/small_ISO_T1_REP0.nii.gz": {
  "md5sum": "f5376fed7ace5288f354a400f78b63c1"
 }, 
 "BRAINSTools/AtlasToSubjectScan2.mat": {
  "md5sum": "8ec9c146c8e40465cd58ec23120b4a9f"
 }, 
 "BRAINSTools/AtlasToSubjectScan1.mat": {
  "md5sum": "65053973fcaf00e2ee64b994ad2fd2d3"
 }, 
 "BRAINSTools/deformedMovingImage.nii.gz": {
  "md5sum": "488d0fd8a22817fe1a79463017b3efcb"
 }, 
 "BRAINSTools/scan3SG.nii.gz": {
  "md5sum": "b3da2692a7792e55bbad5b98f1ece591"
 }, 
 "BRAINSTools/InitialDisplacementField.nii.gz": {
  "md5sum": "a3bd629e3d96da1bb3da1d9d91bc0765"
 }, 
 "BRAINSTools/BRAINSFitTest_RigidRotationNoMasks.mat": {
  "md5sum": "958fe118f4ac398351ebf68a1f8958ec"
 }, 
 "BRAINSTools/diffeomorphicDemons2.nii.gz": {
  "md5sum": "56761d2486b0e183c27e9df2269f728f"
 }, 
 "BRAINSTools/BCDTest_LandmarksPaired_standard.fcsv": {
  "md5sum": "b57b3f1b109cf1c0f58c766523f04678"
 }, 
 "BRAINSTools/image_in.raw": {
  "md5sum": "77f07224d347b8da380c099da9f325cc"
 }, 
 "BRAINSTools/BRAINSFitTest_AffineRotationMasks.mat": {
  "md5sum": "19e4481a52fe3dc64c37e92fff751aac"
 }, 
 "BRAINSTools/BCDTest_rescaleIntensity_standard.nii.gz": {
  "md5sum": "820419566b9e221cfe6c38f574cba9a5"
 }, 
 "BRAINSTools/BCDTest_forceHoughReportFailure_standard.nii.gz": {
  "md5sum": "8e05f2aeb9859e8f14915729e9c8bcea"
 }, 
 "BRAINSTools/0036195_left_5000_sphere1.vtk": {
  "md5sum": "f8d1eca28cbb96a512d3d28e877c4b6d"
 }, 
 "BRAINSTools/0036195_left_transformedLabelMap.nii.gz": {
  "md5sum": "69e645260d7ac73dc14484e30aa378fe"
 }, 
 "BRAINSTools/OutDefField.nii.gz": {
  "md5sum": "e27b64fa62465f090423173148631535"
 }, 
 "BRAINSTools/Initializer_BRAINSFitTest_TranslationRescaleHeadMasks.mat": {
  "md5sum": "582002fcc691ac23f9783c9db218187c"
 }, 
 "BRAINSTools/BCDTest_rVN4-rpc-rac-rmpj_standard.nii.gz": {
  "md5sum": "fcf2273b24eced8047e0bf28bfcd9ea0"
 }, 
 "BRAINSTools/diffeomorphicDemonsWithMask.nii.gz": {
  "md5sum": "5fee14f68b4d149f6a21c2d03dc0d328"
 }, 
 "BRAINSTools/chk_BCDTest_ForcePCPoint_standard.fcsv": {
  "md5sum": "c39149ec4d3676aa26473e27c80069a0"
 }, 
 "BRAINSTools/image_in.mhd": {
  "md5sum": "427d5e7467a5c8d94a998003c34bab43"
 }, 
 "BRAINSTools/0036896_left_sphereIC6.vtk": {
  "md5sum": "c00c2e6f24170efa12bf0738234a4bd6"
 }, 
 "BRAINSTools/0036195-T1T2_leftTissueClass_genus0.nii.gz": {
  "md5sum": "4558e94e54b3eac96f62ba185a628cbd"
 }, 
 "BRAINSTools/SubjectToAtlasScan2.mat": {
  "md5sum": "c404a61d3b996dd0b66e22a5de4052d2"
 }, 
 "BRAINSTools/BRAINSFitTest_KSScaleSkewVersorRotationMasks.result.nii.gz": {
  "md5sum": "446df643db0a52703e1c2ad44f3eb6f1"
 }, 
 "BRAINSTools/UpperHalfHundreds.png": {
  "md5sum": "5646ed7b4b55e79ee056edcbc068a719"
 }, 
 "BRAINSTools/BRAINSFitTest_BSplineOnlyRescaleHeadMasks.result.nii.gz": {
  "md5sum": "94545399703b26f19b44e27a8afbb3ea"
 }, 
 "BRAINSTools/0036195_ClampScalars.vtk": {
  "md5sum": "489170644fe810fdf20aabd48ca2705b"
 }, 
 "BRAINSTools/BRAINSFitTest_RigidRotationMasks.result.nii.gz": {
  "md5sum": "932a8eb43427d08451fa7fa80db3fe99"
 }, 
 "BRAINSTools/BRAINSFitTest_RigidRotationNoMasks.result.nii.gz": {
  "md5sum": "8ad94ab87732b3ad8b2260cc6feebdbb"
 }, 
 "BRAINSTools/translation.test.nii.gz": {
  "md5sum": "0acc2a5a1f20ed373c49103e189ba549"
 }, 
 "BRAINSTools/translation.rescale.test.nii.gz": {
  "md5sum": "cba09d76112bb66e183b6abcd5b7ec00"
 }, 
 "BRAINSTools/BCDTest_backgroundValue_standard.nii.gz": {
  "md5sum": "8f819180857bd777e4d5fab834da14f5"
 }, 
 "BRAINSTools/BRAINSFitTest_BSplineScaleRotationHeadMasksUShort.result.nii.gz": {
  "md5sum": "085ff8c0e678f0e1db95849dd6954091"
 }, 
 "BRAINSTools/BCDTest_acLowerBound_standard.nii.gz": {
  "md5sum": "794bb807c00eb47b68c8204cd29647c2"
 }, 
 "BRAINSTools/BRAINSFitTest_Initializer_RigidRotationNoMasks.mat": {
  "md5sum": "da00b498086cd163f8e15efa604a63e2"
 }, 
 "BRAINSTools/BRAINSPosteriorToContinuousClassTest.result.nii.gz": {
  "md5sum": "d62474834cfbff3e2e64ddb868fb73fe"
 }, 
 "BRAINSTools/template_t1.nii.gz": {
  "md5sum": "baceb6ded26d6daca3f551dc5dc850af"
 }, 
 "BRAINSTools/histeq2D.png": {
  "md5sum": "1e1d38392c7df33f85535651ea5e3118"
 }, 
 "BRAINSTools/0036195_left_sphere_distToHull.vtk": {
  "md5sum": "d03a8f57e9d087e48a6087fbb03e9312"
 }, 
 "BRAINSTools/BRAINSCutTemplateToScan3.h5": {
  "md5sum": "f55b04e9df0ba285b12595bd504e35c4"
 }, 
 "BRAINSTools/ProstatePreop.nrrd": {
  "md5sum": "9230e05c4ae8e19416ecd21f2b6ae285"
 }, 
 "BRAINSTools/BRAINSTrimForegroundInDirectionTest_T1_standard.nii.gz": {
  "md5sum": "b00076c06d461b6b61c57b234c63cdf4"
 }, 
 "BRAINSTools/rotation.test.nii.gz": {
  "md5sum": "e4891faada07461571c27c477e6d736d"
 }, 
 "BRAINSTools/warped0036896Hull.vtk": {
  "md5sum": "ff0beaa950016d19c6ac1ac3608bd447"
 }, 
 "BRAINSTools/test.nii.gz": {
  "md5sum": "70518dc3306838ebf1a6b187d61a28e9"
 }, 
 "BRAINSTools/BCDTest_outputLandmarkWeights_standard.wts": {
  "md5sum": "130825a17096b8de5c5f1a64b2e4e23a"
 }, 
 "BRAINSTools/applyWarp1.nii.gz": {
  "md5sum": "11b104c899b0b41a4aa630d786c02051"
 }, 
 "BRAINSTools/orientedImagesDemons_test.nii.gz": {
  "md5sum": "700698c233b9fd06a6fc798eb567f464"
 }, 
 "BRAINSTools/SUBJ_A_small_T1.nii.gz": {
  "md5sum": "37c44bb9a554e6ebd3e5b372b1cc0dd4"
 }, 
 "BRAINSTools/SUBJ_B_small_T2_mask.nii.gz": {
  "md5sum": "9edab951f256a170c8c78913acc05890"
 }, 
 "BRAINSTools/ProbabilityLabels.vtk": {
  "md5sum": "d438d2dbc939f5bdf72c6c0bf1fb2683"
 }, 
 "BRAINSTools/smoothed.benchmark.test.nii.gz": {
  "md5sum": "3e9daf739b4ffd0e4fd25009d196babd"
 }, 
 "BRAINSTools/2.nii.gz": {
  "md5sum": "c82b13e1e999907d330a03fb4e04858d"
 }, 
 "BRAINSTools/image1.nii.gz": {
  "md5sum": "da1eb15301a4912ad1ad541656df1a89"
 }, 
 "BRAINSTools/SimpleSurface2.vtk": {
  "md5sum": "a8d02893875299aa9dc383f5f0338d38"
 }, 
 "BRAINSTools/BCDTest_interpolationMode_standard.nii.gz": {
  "md5sum": "9070d288271472c9d37676148b60017f"
 }, 
 "BRAINSTools/histeq_input1.png": {
  "md5sum": "51fba47f12bf3ef6f6acf61477453c38"
 }, 
 "BRAINSTools/deformed0036195.vtk": {
  "md5sum": "24bc76060642affb968f7ef20f84b5d9"
 }, 
 "BRAINSTools/BRAINSFitTest_ROIBSpline.result.1.nrrd": {
  "md5sum": "b35acebda334f77a042e1c93c81579a2"
 }, 
 "BRAINSTools/SimpleSurfaceIC4.vtk": {
  "md5sum": "e1ff99d47a7ece02c3c68f3c00ed9b0c"
 }, 
 "BRAINSTools/TrainingCase1_T1.nii.gz": {
  "md5sum": "7cc789ea417ab8c7f26901252594f45b"
 }, 
 "BRAINSTools/chk_landmarksConstellationAlignerTest_standard.fcsv": {
  "md5sum": "185820ba2394762fceeb487a8f55a170"
 }, 
 "BRAINSTools/diffeomorphicDemons3.nii.gz": {
  "md5sum": "80d365f09236641e3c430f57bdcbb336"
 }, 
 "BRAINSTools/scan3T1.nii.gz": {
  "md5sum": "dc7b74bc61d3f99ef3543f81b9d0ce3c"
 }, 
 "BRAINSTools/BRAINSABCSmallLabels.nii.gz": {
  "md5sum": "908edb2829d1022774ddf1396a9d794e"
 }, 
 "BRAINSTools/scan3Mask1.nii.gz": {
  "md5sum": "05c4bfc740695c34c2543a6a4b0b09cd"
 }, 
 "BRAINSTools/BRAINSFitTest_MCAffineRotationMasks.result.nii.gz": {
  "md5sum": "446df643db0a52703e1c2ad44f3eb6f1"
 }, 
 "BRAINSTools/0036896_left_sphereIC7.vtk": {
  "md5sum": "7c84fe4906a5f8e6b48c123a5d21569f"
 }, 
 "BRAINSTools/TrainingCase3_T1.nii.gz": {
  "md5sum": "40f7d86991d91ec4984258bb3fe37294"
 }, 
 "BRAINSTools/ProstateIntraop.nrrd": {
  "md5sum": "4ee8051207429baec2148ac41bfb8c6e"
 }, 
 "BRAINSTools/thirionDemons.nii.gz": {
  "md5sum": "63ad8f465b46ce9e654fce1d6a2d294a"
 }, 
 "BRAINSTools/BRAINSFitTest_AffineRotationNoMasks.result.nii.gz": {
  "md5sum": "5dfcbf0dc9f577709ca80cf7802589e3"
 }, 
 "BRAINSTools/BRAINSCutputamen_right_scan3_baseline.nii.gz": {
  "md5sum": "4095b99ba06346bd251d2bf67d4074c7"
 }, 
 "BRAINSTools/BCDTest_T1_outputVolume_standard.nii.gz": {
  "md5sum": "9a8452b112bf40067f0dd92a332541dd"
 }, 
 "BRAINSTools/Initializer_0.05_BRAINSFitTest_RigidRotationNoMasks.mat": {
  "md5sum": "6a6838a0375dc17c6f2ee3dc214a68d1"
 }, 
 "BRAINSTools/BRAINSFitTest_ScaleRotationRescaleHeadMasksNoInit.result.nii.gz": {
  "md5sum": "8f7b502c47176f268bbd1163208f0a55"
 }, 
 "BRAINSTools/Hundred.img": {
  "md5sum": "01f565aae2b2147f7dcb3517b0986a79"
 }, 
 "BRAINSTools/BRAINSFitTest_ScaleSkewVersorRotationNoMasks.result.nii.gz": {
  "md5sum": "596e0b2606922d716201d3a8a23448e7"
 }, 
 "BRAINSTools/SUBJ_A_small_T2.nii.gz": {
  "md5sum": "4d612bf5e3baf20b79ac03d633bc674d"
 }, 
 "BRAINSTools/BRAINSAlignMSPTest_T1_standard.nii.gz": {
  "md5sum": "8f78d90316dd8eba5a978ebe8289fffc"
 }, 
 "BRAINSTools/BRAINSContinuousClassTest_baseline.nii.gz": {
  "md5sum": "c80a798a696c7e94213d11ceb5f480e8"
 }, 
 "BRAINSTools/BRAINSFitTest_MSEScaleSkewVersorRotationMasks.result.nii.gz": {
  "md5sum": "780cc16584fc762e77c7fb55e2c2007f"
 }, 
 "BRAINSTools/movingImage.nii.gz": {
  "md5sum": "970236e55db75a697a0f9943bfd3a63c"
 }, 
 "BRAINSTools/TrainingCase3.fcsv": {
  "md5sum": "55d9ccb437c928f34647f1d3c5f1d4f1"
 }, 
 "BRAINSTools/rotation.rescale.rigid.nii.gz": {
  "md5sum": "79fa69e3329b894817e88dfab0c8e6ae"
 }, 
 "BRAINSTools/scan3T2.nii.gz": {
  "md5sum": "37eb24b9451ea5b96f2aa2e49c6e3be7"
 }, 
 "BRAINSTools/BCDTest_writeBranded2DImage_standard.png": {
  "md5sum": "f0959789221778547e2816a2b8a7cfb1"
 }, 
 "BRAINSTools/BRAINSFitTest_BSplineScaleRotationRescaleHeadMasks.result.nii.gz": {
  "md5sum": "0f7a4f7b38cfbd998cd138074130bd0b"
 }, 
 "BRAINSTools/BRAINSABCSmallExtendedAtlasDefinition.xml": {
  "md5sum": "9d9d82811188384e3e2ab5fbb019ee4e"
 }, 
 "BRAINSTools/0036195-T1T2_ACPC_Talairach_LabelMap.nii.gz": {
  "md5sum": "420da56d29acd28e8701835a2f65b7fd"
 }, 
 "BRAINSTools/EMSP.fcsv": {
  "md5sum": "cf1770c6131e937d9edd2320335e35d3"
 }, 
 "BRAINSTools/TwoHundred.img": {
  "md5sum": "6994299c24ab753c0fd5ac63fc0c523d"
 }, 
 "BRAINSTools/insertMidACPCpointTest_input.fcsv": {
  "md5sum": "8bfcd2f6ceb4c8cd7ded27a997b707ac"
 }, 
 "BRAINSTools/BCDTest_otsuThreshold_standard.nii.gz": {
  "md5sum": "82e059634f77cdb44d73a45fdcf28040"
 }, 
 "BRAINSTools/BRAINSFitTest_MCScaleSkewVersorRotationMasks.result.nii.gz": {
  "md5sum": "446df643db0a52703e1c2ad44f3eb6f1"
 }, 
 "BRAINSTools/ValidateVectorOrientedImagesTest6.nii.gz": {
  "md5sum": "0ca20cc4475acf7ea56972b82e67965e"
 }, 
 "BRAINSTools/scan1T2.nii.gz": {
  "md5sum": "b5c307180b113a778f285c40271fb71c"
 }, 
 "BRAINSTools/TrainingCase2_T1.nii.gz": {
  "md5sum": "c293a664d5691711a43c4620ad4ce92c"
 }, 
 "BRAINSTools/AllTens.png": {
  "md5sum": "d41c106c4abbff91ab96908881e5cbeb"
 }, 
 "BRAINSTools/movinglk.lnd": {
  "md5sum": "145a4efd6f288887cf8ff95e106c7828"
 }, 
 "BRAINSTools/rotation.geom.test.nii.gz": {
  "md5sum": "5dca76db8ec2f8430896a8192bb18bda"
 }, 
 "BRAINSTools/chk_i_BCDTestForLandmarkCompare_standard.fcsv": {
  "md5sum": "0f25260d2c6684c6eb84c28eab227c50"
 }, 
 "BRAINSTools/scan4T2.nii.gz": {
  "md5sum": "24f8e658878c19f381d9c539c327e787"
 }, 
 "BRAINSTools/0436396_left_ManualLabels.vtk": {
  "md5sum": "2623ececad2f8e402ff6406066694a56"
 }, 
 "BRAINSTools/Initializer_0.05_BRAINSFitTest_ScaleVersorScaleNoMasks.mat": {
  "md5sum": "b590725ee9754fa27df98636bc413939"
 }, 
 "BRAINSTools/BRAINSFitTest_BSplineScaleRotationHistogramHeadMasks.result.nii.gz": {
  "md5sum": "d5230eae9dec534c90431f3f68fd24bf"
 }, 
 "BRAINSTools/Initializer_0.05_BRAINSFitTest_ScaleVersorRotationNoMasks.mat": {
  "md5sum": "88f4a1a88c9a4a02783dd9746de38646"
 }, 
 "BRAINSTools/BigEndian.mhd": {
  "md5sum": "99d06981ea12feffc14d508887b05332"
 }, 
 "BRAINSTools/iccdef_result2.nii.gz": {
  "md5sum": "80dc6a8156c4c13114cc9f6471620ed4"
 }, 
 "BRAINSTools/landmarksConstellationAlignerTest_input.fcsv": {
  "md5sum": "a946cc334e1787bdac5c91faff11c5e2"
 }, 
 "BRAINSTools/scan1T1.nii.gz": {
  "md5sum": "9ea5a7dbea788e30f7390034d6652087"
 }, 
 "BRAINSTools/GaussianIOFilteringTest.png": {
  "md5sum": "b1a4041a37bf65a7b59a4debd4d21927"
 }, 
 "BRAINSTools/BigEndian.raw": {
  "md5sum": "c05ad58b1e5547829f2d1e8c870e67ed"
 }, 
 "BRAINSTools/BRAINSFitTest_NCScaleSkewVersorRotationMasks.result.nii.gz": {
  "md5sum": "845e39357c6b323c2e4b1bb4df27734b"
 }, 
 "BRAINSTools/0036195_SurfaceGeneration.vtk": {
  "md5sum": "399604eaede5d6b9330cacb4fbce95f5"
 }, 
 "BRAINSTools/Initializer_0.05_BRAINSFitTest_RigidRotationNoMasksRiginInPlaceInterp.mat": {
  "md5sum": "6a6838a0375dc17c6f2ee3dc214a68d1"
 }, 
 "BRAINSTools/SubjectToAtlasScan1.mat": {
  "md5sum": "dfcd4e0afdad2d41d8dbb5677ae98310"
 }, 
 "BRAINSTools/0036195_leftTissueClass130.vtk": {
  "md5sum": "929e48fb6ee117972c81f52ea114c725"
 }, 
 "BRAINSTools/rotationUShort.rescale.rigid.nii.gz": {
  "md5sum": "6eebd8c70081692ec757fed104333db3"
 }, 
 "BRAINSTools/BRAINSABCSmall_T1_offset.nii.gz": {
  "md5sum": "009a7801a935162edd743357d96360de"
 }, 
 "BRAINSTools/0036896_left_sphere.vtk": {
  "md5sum": "e3de3b0f9eb82ae1381832513390f6c4"
 }, 
 "BRAINSTools/SimpleSurface1_IC4.vtk": {
  "md5sum": "a50e12f8a194f37ae06cb96b04da732d"
 }, 
 "BRAINSTools/small_ISO_T2_REP0.nii.gz": {
  "md5sum": "29e6f3bda04965df586bdd37e16c3979"
 }, 
 "BRAINSTools/0436396_left_BRAINSLabels.vtk": {
  "md5sum": "362d97d95d12cbe199c42ef0ce22fabc"
 }, 
 "BRAINSTools/0036896_left_sphereIC4.vtk": {
  "md5sum": "467e46749300e105f29fb02ecdfed1d7"
 }, 
 "BRAINSTools/BCDTest_outputUntransformedClippedVolume_standard.nii.gz": {
  "md5sum": "bec7db4ddc2697a55d938c81ac926649"
 }, 
 "BRAINSTools/diffeomorphicDemons1.nii.gz": {
  "md5sum": "742494d81e627ef9bdb25b97fc8f41fc"
 }, 
 "BRAINSTools/BRAINSABCSmall_T1.nii.gz": {
  "md5sum": "57dcda7206fe785e39bc18701cce94ec"
 }, 
 "BRAINSTools/scan4T1.nii.gz": {
  "md5sum": "4ddbca962b570829f99f2d5cf330bb85"
 }, 
 "BRAINSTools/Initializer_0.05_BRAINSFitTest_ScaleSkewVersorScaleNoMasks.mat": {
  "md5sum": "42cd2424c063ac3be1aa469ad4f1d2db"
 }, 
 "BRAINSTools/scan1Mask1.nii.gz": {
  "md5sum": "c1dcbc1e455f05547a9a95c3dd4052a6"
 }, 
 "BRAINSTools/0036195_left_sphereIC6.vtk": {
  "md5sum": "5fcb99749bdc793dadb30f4c5c5a221a"
 }, 
 "BRAINSTools/fixedlk.lnd": {
  "md5sum": "e8d63d95a51ba9d197453ab8975f2fa4"
 }, 
 "BRAINSTools/ProstateIntraopMask.nrrd": {
  "md5sum": "5201bdf71bca428bf5969f6b2002e7ce"
 }, 
 "BRAINSTools/0036195_left_5000_sphere0.vtk": {
  "md5sum": "5365e62c4fa4b6ad8a8f69fa36525ec0"
 }, 
 "BRAINSTools/diffeomorphicDemons_AutoMask.nii.gz": {
  "md5sum": "bfcedd88d25b3b19657e942e3b2192c0"
 }, 
 "BRAINSTools/BRAINSABCSmall_T2.nii.gz": {
  "md5sum": "ac7f3f9249635aa0f0e72e385b421bd9"
 }, 
 "BRAINSTools/OutDefField_orientedImage.nii.gz": {
  "md5sum": "0821e3c587f359ee1b12d9c87e31c819"
 }, 
 "BRAINSTools/BCDTest_cutOutHeadInOutputResampledVolume_standard.nii.gz": {
  "md5sum": "82e059634f77cdb44d73a45fdcf28040"
 }, 
 "BRAINSTools/BRAINSFitTest_RigidRotaRotaRotNoMasks.result.nii.gz": {
  "md5sum": "a1cdaac8cfd219377f3f21a60430865f"
 }, 
 "BRAINSTools/BRAINSFitTest_ScaleVersorRotationMasks.result.nii.gz": {
  "md5sum": "ddd2aa4a2427cb2333b43db6acb2ca73"
 }, 
 "BRAINSTools/AtlasToSubjectScan4.mat": {
  "md5sum": "0737cdc39e438fb1d92e1515c7672b57"
 }, 
 "BRAINSTools/BRAINSFitTest_ScaleVersorScaleMasks.result.nii.gz": {
  "md5sum": "0a529b7730b91f0a9178c825c60a7c11"
 }, 
 "BRAINSTools/BRAINSFitTest_ROIBSpline.result.nrrd": {
  "md5sum": "68acc3365b35901e075ed612e7bb7b45"
 }, 
 "BRAINSTools/BRAINSFitTest_BSplineAnteScaleRotationRescaleHeadMasks.result.nii.gz": {
  "md5sum": "2d19cc83c5d357caa2eb22d0a495c640"
 }, 
 "BRAINSTools/landmarksWeightsCompareTest_standard.wts": {
  "md5sum": "7ce1a19b56792b5b7eb30931925c5d74"
 }, 
 "BRAINSTools/BRAINSFitTest_BSplineAnteScaleRotationRescaleHeadMasks.mat": {
  "md5sum": "138d28d14b99e2fcab20b7d69b9aa353"
 }, 
 "BRAINSTools/rotation.test_mask.nii.gz": {
  "md5sum": "989827131b94b75a201a7c4a946ca95b"
 }, 
 "BRAINSTools/BRAINSFitTest_ScaleVersorScaleNoMasks.result.nii.gz": {
  "md5sum": "6d3723d9e72ab145af5dc1e952b64e11"
 }, 
 "BRAINSTools/0036195_left_sphereIC7.vtk": {
  "md5sum": "3d74516ee38b79c7fcbe349c97ddf5c5"
 }, 
 "BRAINSTools/T1.nii.gz": {
  "md5sum": "b34b564787ffd51d1b07ece4b8bdba27"
 }, 
 "BRAINSTools/0036896_left_sphereIC5.vtk": {
  "md5sum": "dc336c949341328cf2577a960f3090bc"
 }, 
 "BRAINSTools/applyWarp2.nii.gz": {
  "md5sum": "c07f12eec50bc1638e1c79c056ce7e8a"
 }, 
 "BRAINSTools/BCDTest_cutOutHeadInOutputVolume_standard.nii.gz": {
  "md5sum": "9a8452b112bf40067f0dd92a332541dd"
 }, 
 "BRAINSTools/Piecewised_IC4.vtk": {
  "md5sum": "54198dd9d19f085d482489b06ae63ace"
 }, 
 "BRAINSTools/histeq_input2.png": {
  "md5sum": "20fdf9333d000ea7a89531184c9b76c6"
 }, 
 "BRAINSTools/SurfaceColor.vtk": {
  "md5sum": "61992bee7e40f6d67c1d448a88d77fee"
 }, 
 "BRAINSTools/scan2Mask1.nii.gz": {
  "md5sum": "84ee0c1e90c97d450488f5f0dfac4e83"
 }, 
 "BRAINSTools/iccdef_result1.nii.gz": {
  "md5sum": "ed70a1ae825dc54203de45efe053b5d1"
 }, 
 "BRAINSTools/AtlasToSubjectScan3.mat": {
  "md5sum": "3803c94bf24710d093b58ecf32cda002"
 }, 
 "BRAINSTools/T1.mdl": {
  "md5sum": "708cb0845f63ad82fba22bc525e044e0"
 }, 
 "BRAINSTools/testMask.nii.gz": {
  "md5sum": "9e82cbc341ff59b2b2fb38d071ba6ba9"
 }
}