{
 "B2.tiff": {
  "md5sum": "08ee0426072d1444706889ba66988cf1"
 }, 
 "coins.png": {
  "md5sum": "ccd1bf9e80499112428224a2d1500ab6"
 }, 
 "B1_fixed_B2_moving0GenericAffine.mat": {
  "md5sum": "19d6df34fba46b3109ea6c103bbcf733"
 }, 
 "nac-hncma-atlas2013-Slicer4Version/Data/A1_grayT2.nrrd": {
  "md5sum": "e9e19286a7abe36099a1f322a5dc378c"
 }, 
 "B1_fixed_B2_movingComposite.h5": {
  "md5sum": "f8b1fd699ca9ff7799def330a6175f82"
 }, 
 "2th_cthead1.png": {
  "md5sum": "be688230b2ed67097039385cc13b04a8"
 }, 
 "nac-hncma-atlas2013-Slicer4Version/Data/A1_grayT1.nrrd": {
  "md5sum": "84e9629e61f0fde86e6c7044524ad9b9"
 }, 
 "B1.tiff": {
  "md5sum": "d50be7f1c451bf832c534206842b2d37"
 }, 
 "nac-hncma-atlas2013-Slicer4Version/Data/hncma-atlas.nrrd": {
  "md5sum": "fe7a497192de0e48a3f0b00266fcd213"
 }, 
 "vm_head_mri.mha": {
  "md5sum": "2c27ccbddff0bb1b1458075a2a57b7e5"
 }, 
 "VM1111Shrink-RGB.png": {
  "md5sum": "34f4278eb68d77e3a5a9a93bb8aaf585"
 }, 
 "a_vm1108.png": {
  "md5sum": "0eb580ecb40439d9e4f6e6ac6260905a"
 }, 
 "cthead1.png": {
  "md5sum": "0641790321a36d63bd735ad27d9caca1"
 }, 
 "vm_head_rgb.mha": {
  "md5sum": "78b10debf172519ab277c7db84069a45"
 }, 
 "vm_head_ct.mha": {
  "md5sum": "f18c59136133e6c1751e2933045fa076"
 }
}